season,hour,net_realization,profile_realization,kappa_c
summer,0,1,1,2.6412499999999994
summer,0,0,4,2.6431249999999995
summer,0,0,0,3.2306250000000003
summer,0,0,2,3.6906249999999994
summer,0,1,3,3.29125
summer,0,1,0,3.6806249999999996
summer,0,2,4,3.2618750000000003
summer,0,2,3,3.368125
summer,0,3,3,3.6924999999999994
summer,0,1,2,3.0475
summer,0,1,4,2.9943750000000002
summer,0,3,2,3.408125
summer,0,3,1,3.3937500000000007
summer,0,2,0,4.371875000000001
summer,0,0,1,4.3306249999999995
summer,0,2,1,3.3075000000000006
summer,0,3,0,3.781875
summer,0,2,2,3.1587500000000004
summer,0,0,3,3.33
summer,0,4,0,3.8881249999999996
summer,0,4,4,2.6868749999999997
summer,0,4,1,2.711875
summer,0,5,0,4.400625
summer,0,3,4,4.344374999999999
summer,0,5,1,3.13875
summer,0,5,2,3.006875
summer,0,4,2,3.08875
summer,0,7,0,2.8406249999999997
summer,0,6,0,5.030625000000001
summer,0,5,4,3.3062500000000004
summer,0,7,1,2.916875
summer,0,4,3,4.17875
summer,0,6,2,3.5681249999999993
summer,0,6,1,3.0275000000000003
summer,0,5,3,3.5981249999999996
summer,0,6,4,4.176875
summer,0,8,0,2.8137499999999998
summer,0,6,3,3.719375
summer,0,7,4,3.556875
summer,0,8,1,2.863125
summer,0,7,3,3.4756250000000004
summer,0,8,2,3.6081249999999994
summer,1,0,1,3.200625
summer,0,7,2,3.4200000000000004
summer,0,9,1,4.185625
summer,0,8,4,4.670625
summer,0,8,3,3.4918750000000003
summer,0,9,3,2.938125
summer,1,0,0,3.5681249999999993
summer,0,9,0,4.524375000000001
summer,1,2,2,2.560625
summer,1,0,4,2.4375000000000004
summer,1,1,0,2.9256249999999997
summer,0,9,4,3.3287500000000003
summer,1,0,2,3.545
summer,0,9,2,4.385000000000001
summer,1,0,3,3.1712499999999997
summer,1,1,3,2.3168750000000005
summer,1,2,4,2.5787500000000003
summer,1,1,4,2.31625
summer,1,1,2,3.0075
summer,1,4,1,2.580625
summer,1,2,3,3.334375
summer,1,3,0,2.815625
summer,1,4,3,2.560625
summer,1,2,1,4.391875000000001
summer,1,2,0,3.3200000000000003
summer,1,3,3,2.374375
summer,1,3,2,4.17625
summer,1,3,4,3.5649999999999995
summer,1,1,1,3.619375
summer,1,4,2,3.085625
summer,1,3,1,4.421875
summer,1,6,0,2.560625
summer,1,4,0,2.508750000000001
summer,1,5,0,2.3756250000000003
summer,1,6,4,2.560625
summer,1,4,4,2.63
summer,1,5,1,3.014375
summer,1,6,2,3.043125
summer,1,5,3,3.05375
summer,1,7,1,2.905625
summer,1,5,4,4.0806249999999995
summer,1,5,2,3.12875
summer,1,8,3,5.120625
summer,1,7,2,2.6893749999999996
summer,1,7,3,3.2212500000000004
summer,1,7,4,3.285625
summer,1,8,0,2.6762499999999996
summer,1,6,3,4.49
summer,1,6,1,3.3193750000000004
summer,1,8,1,3.2668750000000006
summer,1,9,1,2.6574999999999998
summer,1,7,0,4.729375000000001
summer,1,8,2,3.27125
summer,1,8,4,3.5275000000000003
summer,1,9,2,2.625
summer,1,9,3,3.080625
summer,2,1,1,2.560625
summer,1,9,0,3.5387500000000003
summer,2,2,1,2.560625
summer,2,0,0,2.3418750000000004
summer,2,0,3,3.060625
summer,1,9,4,2.9324999999999997
summer,2,0,1,3.0612500000000002
summer,2,1,3,3.040625
summer,2,2,0,2.2656250000000004
summer,2,1,0,3.129375
summer,2,0,4,2.205
summer,2,1,4,2.6143749999999994
summer,2,1,2,2.075
summer,2,2,4,2.7649999999999997
summer,2,0,2,3.6306249999999998
summer,2,2,2,2.365
summer,2,5,0,2.560625
summer,2,2,3,3.2487500000000002
summer,2,3,3,2.823125
summer,2,3,0,3.0231250000000003
summer,2,4,0,2.5118750000000007
summer,2,5,4,2.560625
summer,2,3,1,3.6143749999999994
summer,2,3,2,3.4756250000000004
summer,2,4,3,2.6943749999999995
summer,2,3,4,2.541875
summer,2,4,1,2.2237500000000003
summer,2,6,2,2.561875
summer,2,5,3,2.0512499999999996
summer,2,6,1,2.7806249999999997
summer,2,4,2,3.028125
summer,2,5,2,2.790625
summer,2,7,1,2.560625
summer,2,4,4,2.3068750000000007
summer,2,5,1,2.4981250000000004
summer,2,7,3,1.620625
summer,2,6,0,1.8493749999999998
summer,2,8,0,2.560625
summer,2,6,3,2.1537500000000005
summer,2,6,4,2.781875
summer,3,0,1,2.560625
summer,2,7,4,2.6918749999999996
summer,2,7,2,2.823125
summer,2,9,0,2.990625
summer,2,7,0,3.3418750000000004
summer,2,8,2,2.6643749999999997
summer,2,9,2,2.96875
summer,2,9,4,2.4625000000000004
summer,3,1,1,2.560625
summer,2,8,3,2.5031250000000007
summer,2,8,1,4.32625
summer,2,9,3,2.375
summer,3,0,2,2.4043750000000004
summer,2,8,4,3.5112499999999995
summer,2,9,1,2.7887500000000003
summer,3,0,0,2.4343750000000006
summer,3,1,3,1.9206249999999998
summer,3,1,4,2.5718750000000004
summer,3,0,3,2.206875
summer,3,2,1,1.7725
summer,3,1,2,2.0506249999999997
summer,3,2,3,1.9368750000000001
summer,3,0,4,2.551875
summer,3,1,0,3.17625
summer,3,2,4,2.665625
summer,3,2,0,2.1537500000000005
summer,3,3,2,2.2437500000000004
summer,3,3,1,3.2025
summer,3,2,2,2.198125
summer,3,4,3,1.853125
summer,3,4,1,2.3381250000000002
summer,3,3,0,2.348750000000001
summer,3,4,4,2.285625
summer,3,5,0,1.6375000000000002
summer,3,3,4,2.98
summer,3,4,2,3.1437500000000003
summer,3,5,3,2.3856250000000006
summer,3,6,3,2.721875
summer,3,6,1,2.493125
summer,3,4,0,3.719375
summer,3,5,1,2.6899999999999995
summer,3,7,0,2.2512499999999998
summer,3,6,2,2.0675000000000003
summer,3,6,0,2.533125
summer,3,7,4,2.6006249999999995
summer,3,5,2,3.4437500000000005
summer,3,3,3,3.819375
summer,3,7,1,2.36625
summer,3,6,4,3.24
summer,3,7,2,1.873125
summer,3,8,0,1.9674999999999998
summer,3,9,0,2.560625
summer,3,5,4,3.625
summer,3,8,3,2.9706249999999996
summer,3,8,4,2.0718750000000004
summer,3,9,2,2.681875
summer,3,9,1,2.7387499999999996
summer,3,9,4,1.953125
summer,3,8,1,2.1050000000000004
summer,3,8,2,2.8874999999999997
summer,3,7,3,3.7243749999999998
summer,4,0,1,2.1812500000000004
summer,4,0,3,2.1437500000000003
summer,4,0,2,2.2787500000000005
summer,4,1,1,2.05625
summer,3,9,3,2.79
summer,4,0,4,3.33125
summer,4,0,0,3.781875
summer,4,3,3,2.560625
summer,4,2,1,2.245
summer,4,1,3,2.4718750000000007
summer,4,1,4,2.19625
summer,4,2,0,2.2525
summer,4,2,2,2.6562499999999996
summer,4,3,4,2.560625
summer,4,3,1,2.744375
summer,4,1,2,3.5787499999999994
summer,4,2,4,2.8112499999999994
summer,4,1,0,3.6531249999999993
summer,4,3,0,2.8518749999999997
summer,4,3,2,3.4356250000000004
summer,4,2,3,2.9775
summer,4,4,0,3.333125
summer,4,6,4,2.560625
summer,4,4,3,1.9925000000000002
summer,4,4,4,2.634375
summer,4,4,1,3.1312499999999996
summer,4,5,0,3.0768750000000002
summer,4,6,1,3.520625
summer,4,5,4,2.1487500000000006
summer,4,6,0,2.6712499999999997
summer,4,6,2,2.4231250000000006
summer,4,5,2,2.318125
summer,4,4,2,3.668125
summer,4,7,1,1.646875
summer,4,5,3,3.5981249999999996
summer,4,7,3,2.66875
summer,4,6,3,2.86625
summer,4,8,4,2.560625
summer,4,7,2,2.4718750000000007
summer,4,8,0,2.5206250000000003
summer,4,7,0,4.094374999999999
summer,4,9,1,5.120625
summer,4,5,1,4.7925
summer,4,7,4,2.7387499999999996
summer,4,8,3,2.3356250000000003
summer,4,9,2,3.2331250000000002
summer,4,9,3,1.6800000000000002
summer,4,9,4,2.0524999999999998
summer,4,8,2,2.978125
summer,4,8,1,2.859375
summer,5,1,3,2.560625
summer,5,0,1,3.9125
summer,5,0,0,2.3168750000000005
summer,4,9,0,3.0862499999999997
summer,5,1,2,2.585625
summer,5,1,0,2.4331250000000004
summer,5,0,2,2.11625
summer,5,0,3,3.94125
summer,5,1,1,2.1506250000000002
summer,5,2,0,2.450625
summer,5,0,4,2.5175000000000005
summer,5,2,3,2.48125
summer,5,2,4,2.175625
summer,5,1,4,2.18
summer,5,3,2,2.6331249999999997
summer,5,4,0,3.081875
summer,5,2,2,2.706875
summer,5,2,1,3.2743750000000005
summer,5,3,0,3.60375
summer,5,3,1,2.0300000000000002
summer,5,4,2,2.3518750000000006
summer,5,3,4,3.4137500000000003
summer,5,4,4,3.6918749999999996
summer,5,4,3,2.788125
summer,5,5,0,2.3937500000000007
summer,5,5,3,2.564375
summer,5,5,1,2.746875
summer,5,3,3,3.708125
summer,5,4,1,2.7199999999999998
summer,5,6,4,1.6812500000000001
summer,5,5,2,3.549375
summer,5,6,1,1.959375
summer,5,6,0,1.876875
summer,5,7,1,2.895625
summer,5,7,2,2.2756250000000002
summer,5,5,4,2.5475
summer,5,7,3,2.4218750000000004
summer,5,8,3,2.2875
summer,5,6,3,3.2743750000000005
summer,5,6,2,3.668125
summer,5,8,1,2.6487499999999997
summer,6,0,1,1.3512499999999998
summer,6,0,2,1.3187499999999999
summer,5,9,0,2.3818750000000004
summer,6,0,0,1.7225000000000001
summer,5,8,0,3.289375
summer,6,0,4,1.930625
summer,5,7,0,4.3575
summer,5,9,1,2.706875
summer,5,9,2,4.00625
summer,6,0,3,1.53
summer,5,9,4,2.33625
summer,5,8,2,2.8499999999999996
summer,6,1,0,2.280625
summer,5,7,4,3.9937500000000004
summer,5,8,4,3.795
summer,5,9,3,3.3775000000000004
summer,6,2,3,1.510625
summer,6,1,2,1.2187500000000002
summer,6,1,3,1.9725000000000001
summer,6,2,1,1.629375
summer,6,1,4,2.0875
summer,6,3,0,2.250625
summer,6,1,1,2.20875
summer,6,4,0,2.251875
summer,6,3,1,2.594375
summer,6,2,2,2.53125
summer,6,3,3,1.7849999999999997
summer,6,2,4,2.4293750000000007
summer,6,2,0,2.794375
summer,6,3,4,2.5006250000000003
summer,6,3,2,2.4487500000000004
summer,6,6,0,1.450625
summer,6,4,4,1.6887500000000002
summer,6,4,2,2.6206249999999995
summer,6,4,1,2.669375
summer,6,5,1,1.8206249999999997
summer,6,5,3,1.533125
summer,6,6,2,1.6225
summer,6,5,0,2.070625
summer,6,7,1,1.603125
summer,6,6,3,1.6531250000000002
summer,6,8,4,1.2806250000000001
summer,6,8,0,1.924375
summer,6,6,1,2.055625
summer,6,5,4,2.4525
summer,6,7,2,1.4674999999999998
summer,6,5,2,2.178125
summer,6,7,3,1.6162500000000002
summer,6,8,1,1.740625
summer,7,0,0,0.800625
summer,6,4,3,1.873125
summer,7,0,1,0.400625
summer,6,8,3,1.62125
summer,7,1,3,0.48062499999999997
summer,7,1,1,0.6006250000000001
summer,7,0,2,0.3725
summer,7,2,0,0.250625
summer,7,1,4,0.3525
summer,7,1,2,0.42562500000000003
summer,7,1,0,0.38125
summer,6,7,0,1.7362500000000003
summer,6,7,4,1.7087500000000002
summer,7,2,3,0.44062500000000004
summer,7,2,1,0.3625
summer,7,2,2,0.3131250000000001
summer,7,3,1,0.6306250000000001
summer,7,4,0,0.533125
summer,7,0,3,0.6250000000000001
summer,7,3,0,0.529375
summer,7,0,4,0.6000000000000001
summer,7,3,4,0.5062500000000001
summer,6,8,2,2.0287500000000005
summer,7,4,1,0.49312500000000004
summer,7,4,3,0.5237499999999999
summer,6,9,2,1.77375
summer,7,5,3,0.40312500000000007
summer,7,5,0,0.49687499999999996
summer,6,6,4,2.1550000000000002
summer,7,5,2,0.295625
summer,7,4,2,0.473125
summer,7,3,3,0.6100000000000001
summer,7,6,2,0.32062500000000005
summer,7,6,1,0.560625
summer,7,7,1,0.400625
summer,7,5,1,0.773125
summer,7,2,4,1.301875
summer,7,5,4,0.31250000000000006
summer,7,6,4,0.48624999999999996
summer,7,3,2,1.458125
summer,7,7,0,0.35687499999999994
summer,7,7,3,0.44062500000000004
summer,7,8,0,0.48062499999999997
summer,6,9,1,2.2693750000000006
summer,7,6,0,0.515625
summer,7,7,4,0.970625
summer,7,4,4,0.6293750000000001
summer,6,9,0,2.714375
summer,7,9,0,0.30062500000000003
summer,7,9,3,0.34062499999999996
summer,7,9,1,0.3318749999999999
summer,7,8,4,0.6006250000000001
summer,7,9,2,0.800625
summer,6,9,3,2.6918749999999996
summer,7,7,2,0.7968750000000001
summer,7,6,3,0.6293750000000001
summer,6,9,4,2.068125
summer,7,8,1,0.696875
summer,7,8,3,0.9256249999999999
summer,7,9,4,0.42937500000000006
summer,7,8,2,1.2131250000000002
summer,8,1,4,3.9749999999999996
summer,8,0,2,3.8462499999999995
summer,8,0,3,3.6062499999999993
summer,8,2,4,3.4468750000000004
summer,8,1,2,3.6206249999999995
summer,8,0,0,3.4243750000000004
summer,8,1,1,4.061875000000001
summer,8,2,2,3.3625000000000003
summer,8,3,1,3.4343750000000006
summer,8,3,0,3.864375
summer,8,0,1,3.09875
summer,8,3,3,3.445625
summer,8,0,4,3.428750000000001
summer,8,1,0,3.498125
summer,8,2,1,4.546250000000001
summer,8,1,3,3.2700000000000005
summer,8,2,3,4.327500000000001
summer,8,3,2,3.6124999999999994
summer,8,2,0,3.6199999999999997
summer,8,6,4,5.120625
summer,8,4,1,2.863125
summer,8,5,3,3.285625
summer,8,6,1,3.245625
summer,8,4,4,3.160625
summer,8,3,4,3.4381250000000003
summer,8,7,1,3.8406249999999997
summer,8,5,2,3.161875
summer,8,4,2,3.1037500000000002
summer,8,5,1,2.70625
summer,8,6,0,3.3268750000000002
summer,8,5,4,5.759375
summer,8,4,0,3.7562499999999996
summer,8,7,0,2.7424999999999997
summer,8,4,3,3.59375
summer,8,6,3,1.7999999999999998
summer,8,6,2,4.546250000000001
summer,8,7,2,4.615625000000001
summer,8,5,0,4.719375000000001
summer,8,7,3,3.868125
summer,8,8,3,3.3756250000000003
summer,8,8,1,4.4825
summer,8,7,4,3.9387499999999998
summer,8,8,0,3.6068749999999996
summer,8,9,3,3.546875
summer,8,9,1,3.2637500000000004
summer,8,9,0,3.631875
summer,8,9,4,2.8625
summer,8,8,2,3.6975
summer,9,0,0,6.400625
summer,8,8,4,4.6325
summer,9,0,3,10.240625000000001
summer,9,1,0,7.680624999999999
summer,9,0,2,6.740625
summer,8,9,2,4.24
summer,9,1,3,10.240625000000001
summer,9,0,4,6.5125
summer,9,1,4,7.201249999999999
summer,9,0,1,5.393749999999999
summer,9,1,1,11.966875000000002
summer,9,3,3,6.490625
summer,9,3,2,5.531874999999999
summer,9,1,2,7.541874999999999
summer,9,2,1,7.05625
summer,9,2,3,7.75125
summer,9,2,0,7.1481249999999985
summer,9,4,1,5.805625
summer,9,3,4,7.126874999999999
summer,9,4,2,7.360624999999999
summer,9,4,0,7.280624999999999
summer,9,3,1,7.113124999999999
summer,9,2,2,6.077500000000001
summer,9,2,4,6.9175
summer,9,3,0,7.5493749999999995
summer,9,5,2,6.683125
summer,9,4,3,6.932500000000001
summer,9,4,4,6.549375000000001
summer,9,5,3,6.565
summer,9,5,0,6.289375000000001
summer,9,7,3,7.680624999999999
summer,9,5,1,7.413125
summer,9,6,1,8.41125
summer,9,6,0,7.122499999999999
summer,9,8,0,10.240625000000001
summer,9,6,3,6.748125
summer,9,7,2,5.7212499999999995
summer,9,6,2,8.065
summer,9,6,4,5.42875
summer,9,7,1,7.3675
summer,9,7,0,6.988125
summer,9,5,4,7.335
summer,9,9,2,7.680624999999999
summer,9,7,4,8.70875
summer,9,8,4,7.360624999999999
summer,9,8,1,9.248125000000002
summer,9,8,2,6.845625000000001
summer,10,0,0,
summer,10,0,1,10.240625000000001
summer,9,8,3,6.8518750000000015
summer,9,9,1,9.446875000000002
summer,10,1,1,
summer,9,9,3,6.82875
summer,10,1,2,
summer,9,9,0,6.9887500000000005
summer,10,2,1,10.240625000000001
summer,10,0,3,8.725625
summer,10,3,0,
summer,9,9,4,7.509375
summer,10,3,1,10.240625000000001
summer,10,1,4,11.580624999999998
summer,10,1,0,8.776250000000001
summer,10,0,2,9.32
summer,10,1,3,10.786874999999998
summer,10,2,3,8.521874999999998
summer,10,2,0,9.613750000000001
summer,10,4,2,10.240625000000001
summer,10,0,4,13.985
summer,10,2,4,7.57125
summer,10,4,4,10.240625000000001
summer,10,5,0,
summer,10,2,2,11.239374999999999
summer,10,3,4,9.165624999999999
summer,10,5,1,26.893750000000004
summer,10,4,0,9.151875
summer,10,4,3,9.200625000000002
summer,10,5,3,10.240625000000001
summer,10,4,1,9.048125000000002
summer,10,5,2,8.960625
summer,10,3,3,9.226875000000003
summer,10,5,4,10.240625000000001
summer,10,6,2,
summer,10,3,2,8.199375
summer,10,7,0,10.240625000000001
summer,10,7,2,12.800625
summer,10,8,3,10.240625000000001
summer,10,9,0,10.240625000000001
summer,10,6,0,8.850625
summer,10,6,3,10.35125
summer,10,7,4,8.960625
summer,10,7,1,10.364374999999999
summer,10,9,1,10.240625000000001
summer,10,7,3,10.3225
summer,10,9,2,37.360625
summer,10,6,1,11.936250000000001
summer,10,8,0,7.950625
summer,10,6,4,9.18
summer,10,8,1,9.087500000000002
summer,10,8,2,9.156875
summer,10,8,4,8.604375000000001
summer,11,0,4,
summer,11,1,2,
summer,11,0,3,10.240625000000001
summer,11,1,3,
summer,11,0,1,15.380624999999998
summer,11,2,0,
summer,11,0,0,9.150625000000002
summer,10,9,3,10.5275
summer,11,1,4,30.9625
summer,10,9,4,8.71875
summer,11,2,4,
summer,11,2,2,16.000625
summer,11,3,2,10.240625000000001
summer,11,2,3,15.360624999999999
summer,11,0,2,14.746249999999998
summer,11,4,0,
summer,11,5,0,
summer,11,4,2,
summer,11,1,1,11.54
summer,11,4,3,
summer,11,2,1,10.489999999999998
summer,11,4,1,11.520624999999999
summer,11,3,3,8.340625
summer,11,1,0,11.32
summer,11,3,0,10.755624999999998
summer,11,5,2,20.480625000000003
summer,11,3,4,11.661874999999998
summer,11,6,1,10.240625000000001
summer,11,4,4,10.99125
summer,11,5,3,11.200624999999999
summer,11,3,1,12.12875
summer,11,7,4,
summer,11,5,1,13.486875000000001
summer,11,5,4,12.320625
summer,11,7,2,15.360624999999999
summer,11,6,0,11.681249999999999
summer,11,6,2,11.202499999999999
summer,11,7,1,14.720624999999998
summer,11,9,0,
summer,11,6,4,11.573749999999999
summer,11,8,4,32.325
summer,11,9,4,
summer,11,7,3,13.665625000000002
summer,12,0,0,
summer,11,9,2,28.481249999999996
summer,11,7,0,11.67625
summer,12,0,2,20.520625000000003
summer,11,6,3,14.973749999999999
summer,11,8,3,10.569374999999997
summer,11,8,1,16.042499999999997
summer,11,9,1,11.360624999999999
summer,12,0,4,11.520624999999999
summer,11,8,0,11.808125
summer,11,8,2,11.794375000000002
summer,12,1,2,
summer,11,9,3,8.048749999999998
summer,12,2,3,
summer,12,2,1,12.800625
summer,12,0,1,12.218125
summer,12,0,3,13.245625
summer,12,1,1,9.531250000000002
summer,12,4,2,25.680625
summer,12,3,2,10.262500000000001
summer,12,3,1,11.885624999999997
summer,12,2,4,12.3225
summer,12,4,3,10.240625000000001
summer,12,1,3,12.670625000000001
summer,12,1,0,12.07375
summer,12,2,2,10.65875
summer,12,5,1,
summer,12,3,0,14.188125
summer,12,3,4,12.361249999999998
summer,12,1,4,12.589375
summer,12,3,3,12.48625
summer,12,4,0,12.975625
summer,12,2,0,13.955000000000002
summer,12,4,1,10.604999999999997
summer,12,5,4,
summer,12,5,0,10.975625
summer,12,6,0,
summer,12,6,4,
summer,12,4,4,10.532499999999999
summer,12,7,1,
summer,12,7,3,
summer,12,7,4,10.240625000000001
summer,12,5,3,14.443124999999998
summer,12,8,2,40.84125
summer,12,9,0,
summer,12,9,1,
summer,12,6,3,11.64875
summer,12,6,1,14.419374999999999
summer,12,8,1,10.526875
summer,12,7,2,11.663125
summer,12,9,3,21.161249999999995
summer,12,6,2,11.907499999999999
summer,12,9,4,33.684375
summer,12,5,2,18.515000000000004
summer,12,7,0,13.398125000000004
summer,12,8,0,12.024999999999999
summer,13,1,0,22.400624999999998
summer,12,9,2,11.65625
summer,12,8,3,15.064999999999998
summer,12,8,4,12.069375
summer,13,0,1,11.584374999999998
summer,13,0,2,11.750625
summer,13,2,4,
summer,13,1,3,13.760625000000001
summer,13,0,0,13.298750000000002
summer,13,0,3,13.493125
summer,13,3,1,
summer,13,0,4,13.335625
summer,13,3,2,20.600625
summer,13,1,1,13.361250000000002
summer,13,3,3,
summer,13,1,2,12.85625
summer,13,3,4,
summer,13,1,4,12.416250000000002
summer,13,2,1,13.583125000000003
summer,13,2,0,13.668125
summer,13,5,0,
summer,13,4,3,
summer,13,4,4,
summer,13,3,0,11.824375
summer,13,2,3,14.984375
summer,13,2,2,13.26875
summer,13,6,0,
summer,13,4,1,11.851875
summer,13,6,2,
summer,13,4,0,11.65625
summer,13,4,2,12.891250000000001
summer,13,6,3,
summer,13,6,1,12.841874999999998
summer,13,5,1,16.983125
summer,13,7,4,28.161875000000002
summer,13,5,2,12.263750000000002
summer,13,5,4,11.54
summer,13,8,4,25.600625
summer,13,5,3,12.26875
summer,13,7,2,12.640625
summer,13,7,1,12.545625000000001
summer,13,7,3,12.571250000000001
summer,13,7,0,13.0175
summer,13,9,1,12.005624999999998
summer,14,0,0,10.720624999999998
summer,13,6,4,11.175
summer,13,8,2,11.254375
summer,13,8,1,12.269375
summer,13,9,2,12.92125
summer,14,0,4,21.760624999999997
summer,13,9,4,13.124375
summer,13,9,0,13.106875000000002
summer,13,8,3,17.695625
summer,13,8,0,17.079375
summer,14,1,2,10.240625000000001
summer,13,9,3,12.291875000000001
summer,14,0,2,11.53375
summer,14,1,1,11.520624999999999
summer,14,0,1,11.911249999999999
summer,14,1,4,10.240625000000001
summer,14,2,2,10.240625000000001
summer,14,0,3,11.943750000000001
summer,14,2,3,28.535624999999996
summer,14,1,3,8.96875
summer,14,2,4,11.680625
summer,14,2,1,10.653125
summer,14,3,4,15.360624999999999
summer,14,4,0,12.800625
summer,14,1,0,12.0575
summer,14,5,1,
summer,14,5,3,
summer,14,3,0,14.771249999999998
summer,14,3,1,12.26125
summer,14,3,2,11.69375
summer,14,2,0,11.959375000000001
summer,14,3,3,12.700624999999999
summer,14,6,0,20.641875
summer,14,6,1,
summer,14,4,4,11.222499999999998
summer,14,5,4,11.040624999999999
summer,14,6,2,20.480625000000003
summer,14,5,0,13.445
summer,14,4,3,13.251875000000002
summer,14,5,2,11.058125
summer,14,4,2,12.209999999999999
summer,14,4,1,11.159375
summer,14,6,3,8.40625
summer,14,8,0,33.77062500000001
summer,14,7,1,11.250625
summer,14,7,4,15.400624999999998
summer,14,9,0,
summer,14,9,3,
summer,14,6,4,11.2275
summer,14,7,0,10.895
summer,14,8,2,12.160625
summer,15,0,1,10.240625000000001
summer,14,7,3,11.61125
summer,14,8,1,11.861249999999998
summer,15,0,2,25.609375
summer,15,0,0,8.121875
summer,14,9,2,9.080625000000001
summer,15,0,3,12.800625
summer,14,7,2,12.84
summer,15,1,0,10.240625000000001
summer,14,9,4,11.623125000000002
summer,15,2,0,10.240625000000001
summer,14,8,3,10.9975
summer,15,2,1,20.840624999999996
summer,15,2,2,10.240625000000001
summer,14,8,4,9.262500000000001
summer,15,2,3,
summer,15,3,1,10.240625000000001
summer,15,1,2,8.40375
summer,14,9,1,11.035
summer,15,3,0,30.965
summer,15,3,3,28.340625000000003
summer,15,1,4,10.701249999999998
summer,15,1,3,10.67125
summer,15,4,2,
summer,15,4,3,10.240625000000001
summer,15,4,4,10.240625000000001
summer,15,1,1,8.8725
summer,15,2,4,8.5625
summer,15,5,0,
summer,15,5,2,8.960625
summer,15,5,4,
summer,15,6,0,23.090624999999996
summer,15,0,4,9.917500000000002
summer,15,6,3,10.240625000000001
summer,15,3,2,8.878125
summer,15,3,4,11.393124999999998
summer,15,4,1,10.702499999999999
summer,15,7,0,10.240625000000001
summer,15,6,1,12.800625
summer,15,5,1,10.33375
summer,15,7,1,
summer,15,7,2,10.240625000000001
summer,15,4,0,8.918750000000003
summer,15,5,3,8.99
summer,15,8,2,10.240625000000001
summer,15,6,4,9.136875
summer,15,6,2,10.316875
summer,16,0,2,5.120625
summer,15,9,3,10.240625000000001
summer,16,0,1,5.841875
summer,15,9,4,10.240625000000001
summer,15,8,1,14.401874999999997
summer,15,7,3,9.528125000000003
summer,15,8,3,8.016874999999999
summer,15,9,2,11.720624999999998
summer,15,7,4,8.82625
summer,16,0,3,4.659375000000001
summer,16,0,0,7.879375
summer,15,9,0,8.448125000000001
summer,15,8,0,9.237500000000002
summer,16,1,3,6.101875
summer,16,2,0,7.360624999999999
summer,16,2,4,5.120625
summer,15,9,1,9.724375000000002
summer,16,3,1,5.120625
summer,16,1,2,6.298750000000001
summer,16,0,4,6.716875000000001
summer,15,8,4,10.6775
summer,16,1,0,7.509375
summer,16,1,1,7.334375
summer,16,2,1,4.926250000000001
summer,16,2,2,4.08
summer,16,3,0,6.168125
summer,16,1,4,7.0275
summer,16,2,3,6.516875000000001
summer,16,3,2,6.42875
summer,16,5,4,5.120625
summer,16,3,3,7.8881250000000005
summer,16,4,1,5.451249999999999
summer,16,3,4,6.683750000000001
summer,16,5,0,5.624999999999999
summer,16,4,4,6.755625
summer,16,5,3,5.4575
summer,16,5,1,7.9731250000000005
summer,16,4,0,8.556875000000002
summer,16,4,2,6.5175
summer,16,4,3,6.862500000000001
summer,16,6,4,5.246874999999999
summer,16,6,0,6.09375
summer,16,5,2,8.13
summer,16,6,2,5.209999999999999
summer,16,7,0,5.411875
summer,16,6,1,5.9750000000000005
summer,16,7,3,5.628749999999999
summer,16,7,1,5.829375000000001
summer,17,0,0,1.5931250000000001
summer,17,0,1,1.5737500000000002
summer,16,7,2,6.898125
summer,16,8,0,6.0425
summer,16,6,3,7.583125
summer,16,9,0,5.282499999999999
summer,17,0,2,3.2281250000000004
summer,16,7,4,4.9975000000000005
summer,17,0,3,2.158125
summer,17,2,1,0.8343750000000001
summer,17,1,0,2.0375
summer,16,8,2,7.719374999999999
summer,17,0,4,3.68375
summer,16,9,2,5.565625
summer,17,1,2,2.1993750000000003
summer,17,2,2,1.4049999999999998
summer,16,8,1,6.139375000000001
summer,17,1,1,2.0775
summer,16,9,1,6.04375
summer,17,2,3,2.3218750000000004
summer,17,1,3,2.204375
summer,17,2,0,2.169375
summer,16,9,3,6.135625000000001
summer,17,3,0,2.6906249999999994
summer,16,8,4,8.476875
summer,17,4,2,1.1812500000000001
summer,16,8,3,8.7125
summer,17,2,4,2.134375
summer,17,4,3,1.2593750000000004
summer,17,3,1,2.6518749999999995
summer,17,5,3,1.05125
summer,17,3,3,2.2693750000000006
summer,17,1,4,3.1587500000000004
summer,17,3,4,2.049375
summer,17,4,1,2.44125
summer,17,5,4,2.560625
summer,17,5,2,1.1906250000000003
summer,17,3,2,2.3568750000000005
summer,17,7,3,0.964375
summer,17,4,4,2.6943749999999995
summer,17,5,0,2.0250000000000004
summer,17,6,0,2.2825
summer,17,7,4,1.0525000000000002
summer,16,9,4,7.154999999999999
summer,17,7,2,1.9343750000000002
summer,17,6,3,1.569375
summer,17,5,1,2.7156249999999997
summer,17,8,4,0.879375
summer,17,7,0,2.088125
summer,17,6,1,1.910625
summer,17,4,0,2.995
summer,17,6,2,1.75875
summer,17,8,1,1.1918750000000002
summer,17,8,2,1.609375
summer,18,0,3,0.795625
summer,17,8,0,2.220625
summer,17,9,0,2.2768750000000004
summer,17,9,3,1.645
summer,17,8,3,2.865625
summer,18,0,0,2.040625
summer,17,6,4,2.45
summer,17,9,1,2.078125
summer,17,7,1,4.012499999999999
summer,17,9,4,1.2175000000000002
summer,18,1,0,1.521875
summer,18,1,1,1.1956250000000002
summer,18,0,2,2.0225
summer,18,1,4,1.6843750000000002
summer,18,1,2,1.645
summer,18,0,1,2.115
summer,17,9,2,2.5062500000000005
summer,18,3,1,1.498125
summer,18,0,4,2.823125
summer,18,2,3,2.58125
summer,18,2,1,1.8575
summer,18,4,3,2.560625
summer,18,4,1,1.544375
summer,18,3,3,2.1087500000000006
summer,18,2,0,1.91375
summer,18,2,2,2.995625
summer,18,2,4,2.0693750000000004
summer,18,4,2,1.169375
summer,18,5,1,0.944375
summer,18,3,2,2.075625
summer,18,1,3,2.9943750000000002
summer,18,3,0,2.4137500000000003
summer,18,4,4,2.668125
summer,18,5,0,1.4568750000000001
summer,18,3,4,3.40625
summer,18,7,4,0.790625
summer,18,6,2,1.626875
summer,18,7,2,1.3656249999999996
summer,18,4,0,2.4193750000000005
summer,18,5,4,1.54125
summer,18,6,0,1.2175000000000002
summer,18,7,0,1.955625
summer,18,8,3,1.1056249999999999
summer,18,6,1,2.6856249999999995
summer,18,5,2,2.17625
summer,18,5,3,2.8474999999999997
summer,18,8,2,1.3287499999999999
summer,18,6,3,2.7306249999999994
summer,18,8,1,2.639375
summer,18,7,3,1.5925000000000002
summer,18,9,1,2.1412500000000003
summer,18,8,0,1.92875
summer,18,6,4,2.4556250000000004
summer,18,9,4,1.2625000000000002
summer,18,9,0,2.4231250000000006
summer,18,9,3,1.756875
summer,18,7,1,2.878125
summer,18,9,2,2.8112499999999994
summer,18,8,4,3.7875
summer,19,2,2,5.120625
summer,19,1,0,3.881875
summer,19,1,2,3.9256249999999997
summer,19,0,2,5.4468749999999995
summer,19,1,1,6.400625
summer,19,0,1,3.586875
summer,19,0,0,4.774375000000001
summer,19,2,1,3.3118750000000006
summer,19,1,4,3.743125
summer,19,0,4,4.655625000000001
summer,19,1,3,5.8306249999999995
summer,19,0,3,5.381874999999999
summer,19,2,3,3.7762499999999997
summer,19,2,4,4.58375
summer,19,3,0,4.846250000000001
summer,19,3,1,4.196875
summer,19,3,2,4.921875000000001
summer,19,4,3,5.120625
summer,19,4,2,5.293124999999999
summer,19,2,0,4.770000000000001
summer,19,4,1,4.225625000000001
summer,19,5,2,3.895625
summer,19,6,2,5.120625
summer,19,3,3,5.391249999999999
summer,19,3,4,4.6450000000000005
summer,19,4,4,4.362500000000001
summer,19,6,0,4.493125
summer,19,4,0,4.35
summer,19,6,1,3.713125
summer,19,5,3,3.4775000000000005
summer,19,5,4,3.9850000000000003
summer,19,5,1,5.269375
summer,19,5,0,7.733750000000001
summer,19,6,4,4.44125
summer,19,7,2,4.0275
summer,19,6,3,5.716875
summer,19,8,1,3.453125
summer,19,7,4,4.205
summer,19,7,0,4.6325
summer,19,8,2,3.784375
summer,19,7,3,5.418125
summer,19,7,1,6.628750000000001
summer,19,8,4,4.133125000000001
summer,19,8,3,6.52125
summer,19,8,0,4.469375000000001
summer,19,9,1,4.26875
summer,19,9,4,5.294374999999999
summer,19,9,0,9.225000000000001
summer,19,9,2,4.305000000000001
summer,19,9,3,5.564375
summer,20,0,0,5.449375
summer,20,0,1,4.51125
summer,20,2,1,5.120625
summer,20,1,3,5.760624999999999
summer,20,0,4,6.260624999999999
summer,20,1,4,5.765625
summer,20,0,2,5.635
summer,20,1,2,12.480625
summer,20,3,3,5.120625
summer,20,1,1,7.8306249999999995
summer,20,0,3,6.686875000000001
summer,20,3,1,5.445625
summer,20,1,0,7.395624999999999
summer,20,4,0,5.158125
summer,20,2,2,7.271249999999999
summer,20,3,4,6.084375
summer,20,2,3,6.033125
summer,20,2,0,6.63625
summer,20,3,2,6.134375
summer,20,3,0,5.6899999999999995
summer,20,4,1,7.7768749999999995
summer,20,2,4,6.0600000000000005
summer,20,6,0,6.410625
summer,20,6,2,5.120625
summer,20,5,2,5.645625
summer,20,4,2,7.709375
summer,20,4,4,8.3275
summer,20,4,3,6.631875000000001
summer,20,5,1,6.496875
summer,20,5,3,5.819375000000001
summer,20,5,0,6.675625
summer,20,7,3,10.240625000000001
summer,20,5,4,5.395
summer,20,8,2,5.120625
summer,20,7,0,5.810625
summer,20,8,0,5.123125
summer,20,6,4,5.782499999999999
summer,20,6,3,6.727500000000001
summer,20,6,1,6.473750000000001
summer,20,8,4,5.120625
summer,20,7,1,4.726875000000001
summer,20,7,4,5.88375
summer,20,7,2,5.459999999999999
summer,20,8,1,6.940625000000001
summer,21,0,3,10.240625000000001
summer,20,9,3,5.763125
summer,20,8,3,6.143125
summer,21,0,4,5.520624999999999
summer,20,9,0,5.415
summer,20,9,2,5.324375
summer,20,9,4,5.4875
summer,21,0,1,5.501875
summer,21,0,2,4.678750000000001
summer,21,1,4,6.08125
summer,21,1,0,5.9625
summer,21,2,0,5.446249999999999
summer,21,1,3,5.569375
summer,21,2,4,5.760624999999999
summer,21,1,2,7.8687499999999995
summer,20,9,1,7.4475
summer,21,0,0,7.3225
summer,21,1,1,8.509374999999999
summer,21,4,0,5.120625
summer,21,3,4,6.400625
summer,21,2,3,4.856875000000001
summer,21,2,1,7.006875
summer,21,3,1,7.04375
summer,21,3,2,6.670625
summer,21,5,3,5.120625
summer,21,2,2,7.1075
summer,21,3,3,6.25
summer,21,4,1,5.40625
summer,21,4,3,5.956875
summer,21,3,0,8.789375
summer,21,6,1,5.383749999999999
summer,21,4,4,5.629375
summer,21,6,0,5.489375
summer,21,5,4,5.636875
summer,21,6,2,6.611875000000001
summer,21,7,2,7.680624999999999
summer,21,4,2,4.720000000000001
summer,21,5,0,6.195
summer,21,5,2,7.296874999999999
summer,21,5,1,6.899375000000001
summer,21,7,4,5.201874999999999
summer,21,7,1,5.308124999999999
summer,21,6,4,10.941875
summer,21,6,3,5.644375
summer,21,7,0,7.786874999999999
summer,21,7,3,7.360624999999999
summer,21,9,1,5.120625
summer,22,0,0,5.760624999999999
summer,22,1,1,5.120625
summer,21,8,2,6.249375000000001
summer,21,8,0,5.9125
summer,22,0,1,4.571875
summer,21,8,1,6.727500000000001
summer,21,9,2,7.203124999999999
summer,22,0,4,4.123125
summer,22,0,3,4.522500000000001
summer,21,8,4,6.926250000000001
summer,22,1,3,6.403125
summer,22,0,2,6.765000000000001
summer,21,8,3,6.609375000000001
summer,21,9,4,4.7125
summer,22,2,2,5.120625
summer,21,9,3,7.343125
summer,22,1,2,4.395625000000001
summer,22,1,4,5.510624999999999
summer,21,9,0,7.512499999999999
summer,22,1,0,5.72875
summer,22,3,1,5.440624999999999
summer,22,4,2,5.120625
summer,22,2,0,7.373124999999999
summer,22,2,1,5.3774999999999995
summer,22,3,0,5.968125000000001
summer,22,3,3,3.806875
summer,22,2,3,5.956875
summer,22,4,0,6.775625000000002
summer,22,3,2,5.339375
summer,22,3,4,4.793750000000001
summer,22,2,4,6.989375000000001
summer,22,4,1,4.847500000000001
summer,22,6,3,5.120625
summer,22,4,4,5.41875
summer,22,5,0,4.619375000000002
summer,22,4,3,5.9125
summer,22,5,2,4.8187500000000005
summer,22,7,1,5.120625
summer,22,5,1,6.099375
summer,22,6,2,3.4537500000000003
summer,22,6,0,4.618125000000001
summer,22,6,1,5.34375
summer,22,5,4,5.345
summer,22,5,3,5.96375
summer,22,6,4,4.621250000000001
summer,22,8,1,7.680624999999999
summer,22,9,0,5.120625
summer,22,7,2,6.00125
summer,22,8,4,5.170624999999999
summer,23,0,1,2.60375
summer,22,8,2,4.5131250000000005
summer,22,8,0,6.522500000000001
summer,22,7,0,5.639374999999999
summer,22,8,3,6.465000000000001
summer,23,0,3,4.011875
summer,22,7,3,7.1674999999999995
summer,22,7,4,6.647500000000001
summer,23,0,2,3.8975
summer,23,0,4,3.7024999999999997
summer,22,9,1,6.1125
summer,23,0,0,5.415
summer,23,1,0,3.9324999999999997
summer,22,9,2,5.9193750000000005
summer,22,9,4,4.1525
summer,23,2,3,5.120625
summer,23,1,4,4.004375
summer,23,1,1,4.1775
summer,22,9,3,5.67875
summer,23,1,3,3.9087500000000004
summer,23,1,2,5.475
summer,23,2,0,3.750625
summer,23,2,2,3.4725000000000006
summer,23,2,1,5.856875
summer,23,2,4,4.916875000000001
summer,23,3,2,3.2643750000000002
summer,23,5,4,5.120625
summer,23,3,1,4.344374999999999
summer,23,4,1,2.45125
summer,23,3,0,4.744375
summer,23,3,4,3.4581250000000003
summer,23,4,4,3.5843749999999996
summer,23,4,0,3.825625
summer,23,5,0,3.556875
summer,23,3,3,4.057500000000001
summer,23,4,2,3.5787499999999994
summer,23,5,1,5.33625
summer,23,6,0,4.217500000000001
summer,23,4,3,4.744375
summer,23,5,2,4.227500000000001
summer,23,5,3,4.2125
summer,23,6,2,2.639375
summer,23,7,4,5.120625
summer,23,6,4,3.6806249999999996
summer,23,7,0,4.17375
summer,23,7,1,3.3931250000000004
summer,23,7,3,4.020624999999999
summer,23,6,1,4.2925
summer,23,8,4,3.8406249999999997
summer,23,8,0,3.881875
summer,23,7,2,3.623125
summer,23,6,3,4.073125
winter,0,0,1,5.120625
summer,23,9,0,4.643125
summer,23,9,4,2.966875
summer,23,8,1,4.6537500000000005
summer,23,8,3,3.8112499999999994
summer,23,8,2,4.1275
winter,0,0,3,10.240625000000001
summer,23,9,1,4.788750000000001
summer,23,9,3,4.64625
summer,23,9,2,5.8549999999999995
winter,0,0,2,3.9712499999999995
winter,0,0,0,4.690625000000001
winter,0,2,0,3.245625
winter,0,2,1,5.120625
winter,0,1,0,6.096875
winter,0,2,4,20.480625000000003
winter,0,0,4,6.0443750000000005
winter,0,2,2,5.25375
winter,0,4,3,5.120625
winter,0,3,2,6.881875000000001
winter,0,3,3,5.148125
winter,0,1,2,5.42
winter,0,4,1,3.945625
winter,0,1,3,6.693750000000001
winter,0,3,1,10.240625000000001
winter,0,3,0,4.6625
winter,0,1,4,7.139999999999999
winter,0,2,3,6.5875
winter,0,4,0,4.7893750000000015
winter,0,5,0,3.931875
winter,0,6,3,5.120625
winter,0,1,1,11.79625
winter,0,4,2,5.67
winter,0,3,4,8.37375
winter,0,4,4,4.9175
winter,0,6,4,4.126250000000001
winter,0,7,1,3.6912499999999993
winter,0,5,3,4.33875
winter,0,5,4,5.619375
winter,0,5,2,7.0475
winter,0,6,1,5.319374999999999
winter,0,6,2,4.878125000000001
winter,0,7,0,4.409375000000001
winter,0,8,2,4.480625
winter,0,5,1,6.18
winter,0,8,1,4.063125
winter,0,6,0,6.554375
winter,0,9,1,5.120625
winter,0,7,2,6.946250000000001
winter,0,9,4,6.400625
winter,0,7,4,6.24375
winter,0,7,3,7.264374999999999
winter,0,8,0,6.578125
winter,1,0,4,3.203125
winter,1,0,0,3.9312499999999995
winter,1,0,3,3.141875
winter,0,8,3,5.74125
winter,1,0,2,5.291874999999999
winter,0,8,4,6.012499999999999
winter,0,9,3,6.57125
winter,0,9,0,6.144375
winter,0,9,2,5.708749999999999
winter,1,1,4,4.595625
winter,1,1,3,4.498125
winter,1,2,0,3.0787500000000003
winter,1,1,2,4.1450000000000005
winter,1,2,3,3.4125
winter,1,1,1,4.697500000000002
winter,1,2,2,7.866874999999999
winter,1,3,0,5.795624999999999
winter,1,0,1,6.871875000000001
winter,1,3,2,3.488125
winter,1,1,0,7.102499999999999
winter,1,3,3,4.196875
winter,1,3,1,4.856250000000001
winter,1,2,4,4.2075000000000005
winter,1,5,0,3.365
winter,1,2,1,8.499375
winter,1,3,4,4.533750000000001
winter,1,4,1,5.886875
winter,1,5,1,5.24625
winter,1,7,1,3.8406249999999997
winter,1,4,3,6.3306249999999995
winter,1,4,2,4.878750000000001
winter,1,5,4,4.055000000000001
winter,1,4,0,6.03125
winter,1,6,2,4.428125
winter,1,5,3,4.666875
winter,1,4,4,5.659375000000001
winter,1,6,0,5.2768749999999995
winter,1,8,2,3.8406249999999997
winter,1,6,3,6.58625
winter,1,5,2,5.43375
winter,1,6,1,5.475
winter,1,8,4,5.120625
winter,1,7,4,5.48625
winter,1,7,2,4.195
winter,1,6,4,4.840000000000001
winter,1,8,0,3.9918750000000003
winter,1,7,3,6.168125
winter,1,7,0,5.585
winter,1,9,1,3.3112500000000002
winter,1,9,2,3.5624999999999996
winter,1,9,4,5.640625
winter,2,0,3,5.120625
winter,1,9,0,4.258125
winter,1,9,3,3.4468750000000004
winter,1,8,3,5.9037500000000005
winter,1,8,1,6.362500000000001
winter,2,1,4,5.120625
winter,2,1,3,2.6099999999999994
winter,2,0,2,4.450000000000001
winter,2,1,0,4.13625
winter,2,0,1,4.893750000000001
winter,2,3,1,2.8806249999999998
winter,2,0,4,4.0875
winter,2,1,2,4.070625
winter,2,0,0,5.8475
winter,2,2,3,3.5931249999999997
winter,2,1,1,4.373125000000001
winter,2,2,0,3.4393750000000005
winter,2,3,2,3.443125
winter,2,3,3,5.120625
winter,2,2,2,4.0337499999999995
winter,2,3,4,3.8406249999999997
winter,2,2,1,3.6587499999999995
winter,2,4,4,3.8406249999999997
winter,2,4,0,3.2956250000000002
winter,2,4,1,3.374375
winter,2,5,4,5.120625
winter,2,3,0,5.614999999999999
winter,2,2,4,4.194375
winter,2,4,3,5.441875
winter,2,5,3,4.096875
winter,2,6,1,4.540625
winter,2,4,2,3.499375
winter,2,6,0,5.374374999999999
winter,2,5,2,5.158125
winter,2,6,3,3.611249999999999
winter,2,7,2,3.4818750000000005
winter,2,7,0,3.4518750000000002
winter,2,8,1,2.2956250000000002
winter,2,8,2,5.120625
winter,2,6,2,4.650625
winter,2,7,4,3.2018750000000002
winter,2,5,0,3.8168749999999996
winter,2,7,3,3.9050000000000002
winter,2,8,0,5.190624999999999
winter,2,9,3,2.560625
winter,2,9,4,2.8831249999999997
winter,2,5,1,6.1975
winter,3,0,2,2.248125
winter,3,1,2,1.8831249999999997
winter,2,6,4,7.543749999999999
winter,2,8,4,2.86
winter,3,1,0,2.7562499999999996
winter,2,9,0,3.3100000000000005
winter,3,2,0,2.560625
winter,3,0,4,3.29625
winter,3,0,3,4.021875
winter,2,9,2,4.538750000000001
winter,2,7,1,7.709375
winter,2,8,3,5.79625
winter,3,1,1,2.8
winter,3,0,0,5.584375
winter,3,1,4,7.040625
winter,3,1,3,4.26375
winter,3,3,4,2.6406249999999996
winter,3,2,2,2.86375
winter,3,3,1,3.24125
winter,3,3,2,2.6131249999999993
winter,3,2,4,2.971875
winter,3,3,0,2.7768749999999995
winter,3,2,3,2.871875
winter,3,3,3,3.530625
winter,3,4,2,5.120625
winter,3,4,1,2.41125
winter,3,0,1,6.868125000000001
winter,3,2,1,4.682500000000001
winter,3,4,0,3.94125
winter,3,5,0,2.6218749999999997
winter,3,6,4,2.560625
winter,3,4,3,6.400625
winter,3,4,4,3.07625
winter,2,9,1,7.969375
winter,3,7,2,3.8406249999999997
winter,3,7,0,3.8512499999999994
winter,3,5,1,3.500625
winter,3,6,0,3.710625
winter,3,5,2,3.02375
winter,3,5,3,4.061875000000001
winter,3,5,4,3.7387499999999996
winter,3,8,1,5.120625
winter,3,7,1,3.0925
winter,3,6,2,4.18375
winter,3,8,2,3.21875
winter,3,8,3,2.3856250000000006
winter,3,9,0,2.764375
winter,4,0,1,2.560625
winter,3,9,1,2.7281249999999995
winter,3,8,0,3.6168749999999994
winter,3,6,1,4.315
winter,3,9,2,3.410625
winter,3,9,4,3.10625
winter,4,0,2,2.74625
winter,3,7,3,5.18
winter,3,8,4,3.676875
winter,3,6,3,8.01875
winter,3,9,3,3.3100000000000005
winter,3,7,4,4.599375
winter,4,0,3,2.9493750000000003
winter,4,1,2,2.3018750000000003
winter,4,1,0,2.7749999999999995
winter,4,1,1,2.955625
winter,4,2,0,3.368125
winter,4,0,0,6.1118749999999995
winter,4,0,4,3.1568750000000003
winter,4,1,4,3.2343750000000004
winter,4,2,4,3.08125
winter,4,2,1,2.3693750000000002
winter,4,2,3,2.965
winter,4,2,2,3.0025
winter,4,5,0,4.250624999999999
winter,4,1,3,3.6587499999999995
winter,4,4,2,2.6449999999999996
winter,4,5,2,5.120625
winter,4,3,4,3.88375
winter,4,3,0,3.428750000000001
winter,4,3,1,4.07
winter,4,4,0,2.3975000000000004
winter,4,3,3,3.589375
winter,4,4,4,3.7312499999999993
winter,4,3,2,4.413125
winter,4,5,1,2.98
winter,4,4,3,3.1868750000000006
winter,4,6,2,2.1825
winter,4,4,1,3.50875
winter,4,5,3,2.83875
winter,4,5,4,3.5743749999999994
winter,4,6,1,2.71875
winter,4,8,4,2.560625
winter,4,6,0,3.6568749999999994
winter,4,7,2,4.645625000000001
winter,4,6,4,3.285
winter,4,7,0,2.558125
winter,4,7,3,3.6018749999999997
winter,4,7,1,3.501875
winter,4,8,2,4.583125
winter,4,7,4,3.4337500000000007
winter,4,8,3,3.410625
winter,4,6,3,5.378749999999999
winter,4,9,4,5.120625
winter,4,8,1,3.8081249999999995
winter,5,1,0,2.560625
winter,4,9,1,4.840625000000001
winter,4,8,0,4.095
winter,4,9,3,2.948125
winter,4,9,2,2.8693750000000002
winter,4,9,0,4.65625
winter,5,1,2,2.6812499999999995
winter,5,1,1,2.6975
winter,5,0,3,3.1468750000000005
winter,5,0,4,3.8949999999999996
winter,5,3,0,2.568125
winter,5,0,0,3.72875
winter,5,1,4,2.9625
winter,5,0,1,3.97375
winter,5,2,0,3.5256250000000002
winter,5,1,3,2.8168749999999996
winter,5,3,2,2.596875
winter,5,2,3,3.3093750000000006
winter,5,3,1,2.8181249999999998
winter,5,2,1,2.955625
winter,5,0,2,3.6762499999999996
winter,5,2,2,4.510625
winter,5,4,0,2.8006249999999997
winter,5,3,4,3.0631250000000003
winter,5,4,1,2.20625
winter,5,5,0,2.170625
winter,5,2,4,3.754375
winter,5,4,4,3.416875
winter,5,3,3,3.118125
winter,5,5,1,2.4037500000000005
winter,5,4,3,3.121875
winter,5,7,3,2.560625
winter,5,5,4,2.6374999999999997
winter,5,7,0,2.935625
winter,5,5,2,3.53125
winter,5,6,2,3.4025000000000003
winter,5,6,3,3.864375
winter,5,6,1,3.0225
winter,5,7,4,2.7631249999999996
winter,5,6,4,3.330625
winter,5,5,3,4.27375
winter,5,4,2,5.015625000000002
winter,5,7,2,3.13625
winter,5,8,0,3.2262500000000003
winter,5,8,3,3.94625
winter,5,9,0,2.9662499999999996
winter,5,6,0,5.895625000000001
winter,5,8,1,3.3175000000000003
winter,6,0,2,5.120625
winter,5,8,4,4.227500000000001
winter,5,7,1,4.66
winter,5,9,4,2.6881249999999994
winter,5,9,2,3.1037500000000002
winter,5,9,3,2.2393750000000003
winter,5,8,2,4.34
winter,6,1,0,6.400625
winter,6,0,1,3.7306249999999994
winter,5,9,1,5.884375
winter,6,0,4,4.285
winter,6,1,3,3.3418750000000004
winter,6,0,3,3.7699999999999996
winter,6,0,0,3.7962499999999997
winter,6,1,1,5.222499999999998
winter,6,2,4,2.795
winter,6,2,3,3.68375
winter,6,2,0,3.984375
winter,6,1,4,7.328125
winter,6,2,2,4.286250000000001
winter,6,1,2,5.479374999999999
winter,6,3,3,4.846875000000001
winter,6,3,2,4.5668750000000005
winter,6,2,1,5.5275
winter,6,4,1,2.995625
winter,6,3,0,4.25875
winter,6,3,4,3.505
winter,6,4,3,4.050625
winter,6,5,0,3.6824999999999997
winter,6,4,0,3.3475000000000006
winter,6,3,1,4.907500000000001
winter,6,5,1,3.859375
winter,6,6,3,3.8406249999999997
winter,6,6,0,2.6956249999999997
winter,6,5,3,3.9225
winter,6,7,4,5.120625
winter,6,4,4,3.63875
winter,6,5,2,5.5625
winter,6,6,1,3.6443749999999997
winter,6,7,3,3.6012499999999994
winter,6,6,2,4.550625
winter,6,7,0,3.4825000000000004
winter,6,7,1,4.293750000000001
winter,6,8,3,3.7612499999999995
winter,6,9,0,5.120625
winter,6,8,1,3.961875
winter,6,8,2,3.5724999999999993
winter,6,6,4,8.258125
winter,6,9,4,3.8406249999999997
winter,6,5,4,4.849375000000001
winter,6,4,2,8.5175
winter,6,8,0,5.495625
winter,6,9,3,3.871875
winter,6,8,4,3.623125
winter,7,0,1,3.8518749999999997
winter,6,7,2,5.9
winter,6,9,1,3.6975
winter,7,0,0,3.94375
winter,7,2,0,5.120625
winter,7,1,4,5.120625
winter,7,1,2,6.400625
winter,6,9,2,5.984375
winter,7,2,3,5.440624999999999
winter,7,0,2,5.585625
winter,7,1,1,5.144375
winter,7,0,3,5.529375
winter,7,3,1,5.321249999999999
winter,7,4,0,5.140625
winter,7,2,1,7.122499999999999
winter,7,2,4,4.8950000000000005
winter,7,2,2,5.157500000000001
winter,7,0,4,5.559374999999999
winter,7,1,0,5.404999999999999
winter,7,1,3,6.143750000000001
winter,7,3,3,3.16125
winter,7,4,1,3.6956249999999997
winter,7,4,2,5.760624999999999
winter,7,3,4,6.603750000000001
winter,7,3,2,6.546250000000001
winter,7,3,0,6.078125
winter,7,4,3,3.7318749999999996
winter,7,6,4,5.120625
winter,7,5,2,4.527500000000001
winter,7,7,0,5.120625
winter,7,5,4,5.921875
winter,7,6,0,5.403124999999999
winter,7,5,3,5.945625
winter,7,5,1,6.269375
winter,7,5,0,7.105625
winter,7,4,4,6.695000000000001
winter,7,7,2,5.291249999999999
winter,7,6,2,8.040624999999999
winter,7,8,4,5.120625
winter,7,7,1,4.33125
winter,7,6,1,6.666875
winter,7,6,3,6.2425
winter,7,8,1,3.8881249999999996
winter,7,7,3,4.842500000000001
winter,7,7,4,4.378750000000001
winter,7,8,2,4.59
winter,7,9,2,5.366874999999999
winter,7,9,1,4.776250000000001
winter,8,0,0,5.446249999999999
winter,7,8,0,7.608124999999999
winter,8,0,3,5.291249999999999
winter,7,9,3,6.493125
winter,7,9,0,10.664375
winter,8,0,2,8.161874999999998
winter,7,9,4,7.221874999999999
winter,7,8,3,7.4925
winter,8,0,1,5.922499999999999
winter,8,1,1,4.863125000000001
winter,8,0,4,5.651875
winter,8,2,2,5.120625
winter,8,1,0,5.60875
winter,8,1,3,6.648125
winter,8,2,4,6.400625
winter,8,4,4,5.120625
winter,8,1,4,6.83375
winter,8,2,3,5.410625
winter,8,4,0,5.841875
winter,8,1,2,7.438124999999999
winter,8,2,0,6.196875
winter,8,3,0,5.7875
winter,8,5,1,35.852500000000006
winter,8,4,2,6.418125
winter,8,3,4,5.614374999999999
winter,8,4,3,5.628124999999999
winter,8,3,1,6.193125
winter,8,3,3,6.204375000000001
winter,8,2,1,5.3999999999999995
winter,8,6,2,5.120625
winter,8,3,2,11.967500000000001
winter,8,6,1,7.680624999999999
winter,8,4,1,5.91
winter,8,5,0,8.1225
winter,8,5,3,5.901875
winter,8,6,0,5.851875
winter,8,5,2,8.704374999999999
winter,8,7,3,5.920624999999999
winter,8,9,1,5.120625
winter,8,6,4,6.530625000000001
winter,8,7,0,8.130625000000002
winter,8,8,1,5.366874999999999
winter,8,6,3,6.029375
winter,8,9,3,5.760624999999999
winter,8,7,4,5.479374999999999
winter,8,8,0,6.828125
winter,8,7,2,5.6362499999999995
winter,8,8,3,5.81625
winter,8,7,1,6.59
winter,9,0,4,7.680624999999999
winter,8,8,2,6.66625
winter,8,9,0,6.143750000000001
winter,8,8,4,6.771875000000001
winter,8,5,4,8.225
winter,9,0,0,3.6099999999999994
winter,8,9,2,5.935
winter,9,1,2,5.120625
winter,9,2,1,5.120625
winter,9,0,1,5.2368749999999995
winter,9,1,0,7.680624999999999
winter,9,0,3,5.510624999999999
winter,8,9,4,5.389999999999999
winter,9,2,2,5.120625
winter,9,0,2,5.550624999999999
winter,9,2,4,7.680624999999999
winter,9,4,0,5.120625
winter,9,5,0,5.120625
winter,9,2,0,4.269375
winter,9,2,3,5.321249999999999
winter,9,1,3,5.515625
winter,9,1,1,5.188124999999999
winter,9,4,1,5.440624999999999
winter,9,3,2,3.3537500000000007
winter,9,5,2,5.120625
winter,9,3,1,5.309999999999999
winter,9,4,2,5.600624999999999
winter,9,4,3,4.123125
winter,9,1,4,8.724375000000002
winter,9,5,3,5.120625
winter,9,3,0,5.237499999999999
winter,9,5,1,5.368124999999999
winter,9,3,3,8.024999999999999
winter,9,4,4,5.879375
winter,9,7,2,3.2512499999999998
winter,9,3,4,5.050000000000001
winter,9,8,2,2.611249999999999
winter,9,6,2,4.564375
winter,9,8,3,5.120625
winter,9,8,0,3.6206249999999995
winter,9,7,0,4.378125000000001
winter,9,6,0,4.290000000000001
winter,9,9,1,5.120625
winter,9,7,1,5.391249999999999
winter,10,0,2,1.028125
winter,9,6,3,5.995625
winter,9,7,3,4.538750000000001
winter,9,6,1,7.265625
winter,10,1,0,0.58125
winter,9,9,3,5.120625
winter,10,0,4,1.05125
winter,10,1,3,0.709375
winter,9,7,4,6.9506250000000005
winter,10,0,0,2.62375
winter,10,0,1,3.6206249999999995
winter,9,9,4,2.7387499999999996
winter,10,2,1,1.8062499999999997
winter,9,5,4,6.819375000000001
winter,10,2,4,0.938125
winter,10,1,2,2.2743750000000005
winter,10,1,1,2.3106250000000004
winter,9,9,0,4.425
winter,10,2,3,1.8125
winter,9,6,4,8.245000000000001
winter,10,3,0,2.570625
winter,9,9,2,5.6362499999999995
winter,10,4,3,0.48812500000000003
winter,10,3,4,1.02375
winter,10,2,0,2.94625
winter,10,4,4,0.6112500000000001
winter,10,3,1,2.8806249999999998
winter,10,3,3,1.623125
winter,9,8,4,6.373125000000001
winter,10,2,2,2.63875
winter,10,0,3,2.4725000000000006
winter,10,1,4,3.02375
winter,10,4,2,1.91125
winter,10,4,0,1.6275
winter,10,5,3,1.2668750000000002
winter,10,3,2,2.16
winter,10,4,1,4.28125
winter,10,5,0,3.210625
winter,10,5,1,1.8181249999999998
winter,10,6,2,1.498125
winter,10,8,2,0.6531249999999998
winter,10,5,2,1.8662499999999997
winter,10,7,1,1.359375
winter,9,8,1,7.432499999999999
winter,10,9,3,0.745625
winter,10,7,0,1.959375
winter,10,8,0,2.560625
winter,10,6,3,2.3931250000000004
winter,10,7,3,1.7350000000000003
winter,10,5,4,2.3781250000000003
winter,10,6,0,3.015625
winter,10,8,1,2.255625
winter,11,0,1,1.0062499999999999
winter,10,6,4,2.6949999999999994
winter,10,6,1,3.00875
winter,10,7,2,5.120625
winter,10,9,4,1.41125
winter,11,0,4,0.8287500000000001
winter,11,1,1,0.6956249999999999
winter,11,1,0,0.970625
winter,10,7,4,2.285
winter,10,8,3,2.3168750000000005
winter,11,0,0,2.3106250000000004
winter,11,2,2,0.9006249999999999
winter,11,0,3,1.944375
winter,11,0,2,1.6943750000000004
winter,11,2,4,0.975625
winter,11,3,3,0.33562499999999995
winter,11,1,2,0.928125
winter,11,2,0,0.9006249999999999
winter,11,2,3,0.49
winter,10,9,0,3.3975000000000004
winter,11,4,0,0.6112500000000001
winter,10,9,1,3.6406249999999996
winter,11,1,3,1.3087499999999999
winter,11,2,1,0.9337499999999999
winter,11,3,2,0.9418749999999999
winter,11,5,0,0.750625
winter,11,5,3,0.545625
winter,11,4,2,1.291875
winter,11,3,4,1.04625
winter,10,9,2,2.4225000000000003
winter,11,6,4,0.960625
winter,11,5,4,1.301875
winter,11,6,1,0.750625
winter,11,1,4,2.37125
winter,11,5,2,0.7987500000000001
winter,11,4,1,1.3456249999999996
winter,11,6,2,1.4474999999999998
winter,11,7,2,1.086875
winter,11,7,0,0.555625
winter,11,4,3,1.8624999999999998
winter,11,5,1,1.1075
winter,11,3,0,1.79625
winter,11,4,4,2.220625
winter,11,3,1,1.8824999999999998
winter,11,7,1,1.0518750000000001
winter,11,6,0,1.6562500000000002
winter,11,8,1,0.9093749999999999
winter,11,7,3,1.0931250000000001
winter,11,7,4,1.5706250000000002
winter,11,9,1,0.5381250000000001
winter,11,6,3,1.625
winter,11,9,3,0.48875
winter,11,9,2,1.200625
winter,12,1,0,0.7431249999999999
winter,11,8,3,1.7131250000000002
winter,11,9,4,1.04875
winter,10,8,4,3.6549999999999994
winter,11,9,0,1.1700000000000002
winter,11,8,4,1.3975
winter,11,8,0,1.6993750000000003
winter,11,8,2,1.8424999999999998
winter,12,0,4,1.4256249999999997
winter,12,0,0,2.100625
winter,12,2,1,1.8431249999999997
winter,12,0,2,1.6487500000000002
winter,12,1,1,2.570625
winter,12,1,3,1.6618750000000002
winter,12,3,3,0.96875
winter,12,2,0,1.2375000000000003
winter,12,1,2,2.209375
winter,12,0,1,2.6524999999999994
winter,12,0,3,1.6768750000000003
winter,12,3,1,2.6618749999999998
winter,12,3,4,1.8031249999999996
winter,12,4,1,1.189375
winter,12,2,2,1.815
winter,12,3,0,1.47875
winter,12,2,3,1.8474999999999997
winter,12,4,2,1.5618750000000001
winter,12,3,2,2.113125
winter,12,1,4,2.94625
winter,12,6,3,0.7631249999999999
winter,12,5,2,1.8862499999999998
winter,12,5,3,2.560625
winter,12,4,4,2.1075000000000004
winter,12,5,1,2.668125
winter,12,6,4,1.06625
winter,12,4,0,2.6843749999999997
winter,12,5,4,1.8024999999999998
winter,12,6,1,2.560625
winter,12,5,0,3.04375
winter,12,8,4,0.980625
winter,12,6,0,1.8449999999999998
winter,12,7,2,1.8081249999999998
winter,12,9,1,0.6206250000000001
winter,12,7,1,1.2325000000000004
winter,12,4,3,3.6049999999999995
winter,12,7,4,1.37625
winter,12,9,3,0.774375
winter,12,8,1,1.4481249999999999
winter,12,2,4,3.9125
winter,12,8,2,1.595625
winter,12,8,0,1.8781249999999998
winter,12,6,2,2.02
winter,13,1,2,1.3481249999999998
winter,13,0,4,1.1318750000000002
winter,12,7,0,2.3643750000000003
winter,13,1,1,0.8481250000000001
winter,13,0,1,2.6056249999999994
winter,13,0,3,1.7774999999999999
winter,13,0,2,2.02
winter,12,9,0,2.064375
winter,12,7,3,2.3193750000000004
winter,13,1,0,1.5525000000000002
winter,13,2,3,0.7781250000000001
winter,13,3,0,1.926875
winter,12,9,2,2.31625
winter,13,1,3,1.7081250000000001
winter,12,8,3,2.9893750000000003
winter,13,3,1,1.2843750000000003
winter,13,4,2,0.8906249999999999
winter,13,0,0,2.9331249999999995
winter,13,2,1,1.7556249999999998
winter,13,3,3,1.183125
winter,13,2,4,1.93875
winter,13,5,0,1.1106250000000002
winter,13,2,0,2.3818750000000004
winter,13,1,4,3.7256249999999995
winter,13,5,2,1.128125
winter,12,9,4,3.3275
winter,13,3,4,2.3056250000000005
winter,13,2,2,2.6362499999999995
winter,13,6,4,0.6106250000000001
winter,13,5,3,1.073125
winter,13,7,2,0.6618749999999999
winter,13,4,3,2.7706249999999994
winter,13,6,2,1.6968750000000004
winter,13,4,1,2.4225000000000003
winter,13,6,3,2.560625
winter,13,4,4,2.7525
winter,13,4,0,3.0056249999999998
winter,13,6,1,2.163125
winter,13,8,4,0.759375
winter,13,3,2,3.014375
winter,14,0,0,0.535625
winter,13,9,2,1.3681249999999998
winter,13,7,3,2.1081250000000002
winter,13,8,1,1.5074999999999998
winter,13,7,1,2.6987499999999995
winter,13,5,1,3.089375
winter,13,6,0,2.2375000000000003
winter,14,0,3,0.4331250000000001
winter,13,5,4,4.01875
winter,13,9,0,1.669375
winter,14,1,4,0.530625
winter,14,0,4,1.1506250000000002
winter,13,7,0,3.41125
winter,14,2,0,0.550625
winter,13,8,0,2.11625
winter,14,1,0,1.165625
winter,13,8,3,3.2125
winter,14,1,3,1.285625
winter,13,8,2,2.5056250000000007
winter,13,7,4,2.7112499999999997
winter,14,0,1,1.43875
winter,14,0,2,1.49875
winter,14,3,4,0.9206249999999999
winter,14,3,3,0.730625
winter,14,1,2,1.6150000000000002
winter,14,3,0,0.505
winter,13,9,1,2.059375
winter,14,2,1,0.948125
winter,14,1,1,1.841875
winter,14,3,1,1.2525000000000004
winter,14,2,4,1.1556250000000001
winter,14,5,0,0.39
winter,13,9,4,3.901875
winter,14,4,0,0.9431249999999999
winter,14,6,0,0.5168750000000001
winter,14,4,3,1.0718750000000001
winter,14,6,2,0.773125
winter,14,2,3,1.635625
winter,14,6,1,0.775625
winter,14,2,2,1.498125
winter,14,4,1,0.71875
winter,14,7,1,0.698125
winter,14,7,0,0.9037499999999998
winter,14,5,3,0.7781250000000001
winter,14,5,1,1.4024999999999999
winter,14,7,4,0.8125
winter,14,8,2,0.875625
winter,14,8,1,0.885625
winter,14,4,2,1.5987500000000001
winter,13,9,3,2.879375
winter,14,9,1,0.35062499999999996
winter,14,6,3,1.0625
winter,14,5,2,1.5543750000000003
winter,14,3,2,2.2275000000000005
winter,14,6,4,1.54
winter,14,8,0,0.9349999999999999
winter,14,9,3,0.6156250000000001
winter,14,7,2,1.0393750000000002
winter,14,9,0,0.765
winter,14,5,4,1.8093749999999997
winter,15,0,0,1.361875
winter,14,8,4,1.1325000000000003
winter,15,0,1,1.381875
winter,14,8,3,1.9249999999999998
winter,14,4,4,2.3081250000000004
winter,14,9,2,1.7081250000000001
winter,15,1,4,1.2806250000000001
winter,14,9,4,1.3912499999999999
winter,14,7,3,2.1225
winter,15,1,0,1.2218750000000003
winter,15,0,3,2.575625
winter,15,1,2,1.615625
winter,15,2,4,1.3237499999999998
winter,15,2,0,2.100625
winter,15,2,1,0.9031249999999998
winter,15,3,3,1.351875
winter,15,0,2,2.971875
winter,15,1,1,2.294375
winter,15,1,3,2.98625
winter,15,2,2,2.623125
winter,15,3,4,2.075625
winter,15,5,0,1.61
winter,15,4,0,2.985625
winter,15,4,3,1.6975000000000002
winter,15,0,4,2.9387499999999998
winter,15,5,1,1.8112499999999998
winter,15,4,1,2.4612500000000006
winter,15,6,2,0.7993750000000001
winter,15,3,0,3.1118750000000004
winter,15,2,3,2.874375
winter,15,6,3,1.245625
winter,15,5,2,2.3856250000000006
winter,15,6,0,1.816875
winter,15,6,1,2.7262499999999994
winter,15,4,2,3.535
winter,15,4,4,3.24
winter,15,5,3,2.05625
winter,15,3,1,3.33875
winter,15,8,3,0.7018749999999999
winter,15,8,1,1.623125
winter,15,7,2,2.33125
winter,15,3,2,3.6587499999999995
winter,15,5,4,3.3237500000000004
winter,15,7,1,2.955
winter,15,8,0,2.2668750000000006
winter,15,9,2,2.5656250000000003
winter,15,7,4,2.99125
winter,15,6,4,3.62375
winter,15,7,3,2.3668750000000003
winter,15,9,1,1.1600000000000001
winter,15,9,3,2.3037500000000004
winter,15,7,0,3.14625
winter,15,9,4,2.2225
winter,15,8,2,2.70625
winter,15,9,0,2.12
winter,15,8,4,3.5131249999999996
winter,16,0,1,5.650625
winter,16,0,4,6.411875
winter,16,2,4,3.92875
winter,16,0,0,7.80375
winter,16,0,2,6.175
winter,16,3,0,3.8881249999999996
winter,16,2,2,4.34375
winter,16,0,3,5.475
winter,16,2,1,5.96125
winter,16,1,1,6.144375
winter,16,3,4,7.680624999999999
winter,16,1,0,6.898125
winter,16,3,1,6.010624999999999
winter,16,1,3,5.984375
winter,16,1,4,7.306874999999999
winter,16,3,2,7.8256250000000005
winter,16,2,0,6.03625
winter,16,5,1,3.8406249999999997
winter,16,4,3,5.120625
winter,16,3,3,7.384374999999999
winter,16,4,1,5.1468750000000005
winter,16,2,3,8.844999999999999
winter,16,6,2,5.120625
winter,16,1,2,7.50875
winter,16,4,0,8.408125000000002
winter,16,7,1,5.120625
winter,16,5,0,4.59375
winter,16,6,1,5.313124999999999
winter,16,4,2,5.996875
winter,16,6,0,4.2250000000000005
winter,16,5,4,6.050625
winter,16,5,2,7.459375
winter,16,6,4,6.165625
winter,16,6,3,6.203125
winter,16,8,4,5.120625
winter,16,5,3,4.784375000000001
winter,16,4,4,7.99625
winter,16,7,4,6.1525
winter,16,8,1,4.625000000000001
winter,16,7,3,5.69375
winter,16,7,2,11.122499999999999
winter,16,7,0,7.114374999999999
winter,16,8,0,5.34
winter,16,8,2,6.04875
winter,16,9,0,6.455625000000001
winter,16,8,3,8.851875
winter,16,9,3,4.446250000000001
winter,16,9,2,5.473749999999999
winter,17,0,4,20.490625
winter,16,9,1,5.9725
winter,16,9,4,6.045625
winter,17,1,0,10.240625000000001
winter,17,0,1,7.766875
winter,17,2,1,11.520624999999999
winter,17,1,1,7.684374999999999
winter,17,2,3,10.240625000000001
winter,17,0,3,8.066875
winter,17,0,0,8.861875000000001
winter,17,1,3,6.868125000000001
winter,17,1,2,7.256875
winter,17,4,0,21.120624999999997
winter,17,1,4,12.84625
winter,17,0,2,8.745000000000001
winter,17,3,4,
winter,17,2,0,8.41
winter,17,2,4,10.604374999999997
winter,17,2,2,7.34375
winter,17,3,3,7.138124999999999
winter,17,4,4,7.680624999999999
winter,17,3,2,11.549374999999998
winter,17,3,1,7.014374999999999
winter,17,3,0,9.091875000000002
winter,17,5,0,10.240625000000001
winter,17,4,3,11.563125
winter,17,6,3,6.400625
winter,17,4,1,12.849374999999998
winter,17,6,0,
winter,17,5,2,7.945625
winter,17,5,1,10.468124999999997
winter,17,5,3,8.704374999999999
winter,17,6,4,6.575
winter,17,8,0,7.360624999999999
winter,17,5,4,6.868750000000001
winter,17,4,2,9.16
winter,17,6,1,9.226250000000002
winter,17,8,3,
winter,17,9,0,8.960625
winter,17,7,3,8.50375
winter,17,6,2,8.87625
winter,17,7,0,7.635624999999999
winter,17,7,1,8.13
winter,17,9,3,
winter,17,9,2,10.240625000000001
winter,17,8,1,8.742500000000001
winter,17,7,4,8.895625000000003
winter,17,7,2,8.936875
winter,17,8,4,9.771250000000002
winter,17,9,1,6.529375000000001
winter,18,0,1,10.240625000000001
winter,17,9,4,8.960625
winter,18,0,4,
winter,17,8,2,7.599375
winter,18,1,0,10.240625000000001
winter,18,0,0,13.120625
winter,18,1,3,10.240625000000001
winter,18,0,2,15.461875
winter,18,2,4,10.240625000000001
winter,18,2,0,32.4025
winter,18,0,3,8.695
winter,18,2,3,7.9312499999999995
winter,18,3,0,7.963125
winter,18,2,1,8.765625
winter,18,3,3,6.203125
winter,18,1,1,9.089375
winter,18,2,2,9.063750000000002
winter,18,1,2,6.298750000000001
winter,18,1,4,10.928749999999997
winter,18,3,1,9.368125000000003
winter,18,4,0,9.024375
winter,18,3,4,8.841874999999998
winter,18,5,1,
winter,18,4,4,10.240625000000001
winter,18,5,0,10.240625000000001
winter,18,3,2,8.234375
winter,18,6,1,30.960625
winter,18,4,2,7.159999999999999
winter,18,4,3,13.048750000000002
winter,18,4,1,11.66875
winter,18,6,3,26.300625000000004
winter,18,8,0,23.04625
winter,18,7,0,12.800625
winter,18,7,4,
winter,18,5,3,7.866249999999999
winter,18,5,2,11.625625
winter,18,7,3,7.701874999999999
winter,18,6,4,8.449375
winter,18,6,2,9.154375000000002
winter,18,9,0,10.240625000000001
winter,18,6,0,13.60875
winter,18,9,1,
winter,18,9,4,
winter,18,5,4,14.38375
winter,18,8,1,8.871875
winter,19,0,0,12.800625
winter,18,8,4,8.084375000000001
winter,18,7,2,12.919375000000002
winter,19,0,3,
winter,18,7,1,9.887500000000003
winter,19,0,1,29.182499999999997
winter,18,8,2,13.467500000000001
winter,18,9,2,8.690625
winter,18,9,3,10.784374999999997
winter,19,1,1,23.040625
winter,19,1,4,
winter,18,8,3,9.17
winter,19,2,0,10.240625000000001
winter,19,3,2,10.240625000000001
winter,19,3,1,10.240625000000001
winter,19,0,2,8.420000000000002
winter,19,1,2,9.370625
winter,19,1,0,11.083749999999998
winter,19,4,0,20.640625
winter,19,2,1,6.875625000000001
winter,19,0,4,13.568750000000001
winter,19,2,3,15.411874999999998
winter,19,1,3,6.959375000000001
winter,19,2,4,8.763125000000002
winter,19,3,3,10.601249999999997
winter,19,3,4,8.171875
winter,19,2,2,8.636875
winter,19,5,3,
winter,19,3,0,9.030000000000001
winter,19,5,4,10.240625000000001
winter,19,5,2,10.240625000000001
winter,19,5,0,40.86874999999999
winter,19,6,1,21.170624999999994
winter,19,4,3,7.91
winter,19,5,1,8.051874999999999
winter,19,4,1,10.824375
winter,19,7,3,
winter,19,6,4,40.10687500000002
winter,19,8,0,12.800625
winter,19,8,1,10.240625000000001
winter,19,8,2,23.045625
winter,19,8,4,
winter,19,4,2,8.936875
winter,19,4,4,10.84
winter,19,8,3,7.051875000000001
winter,19,6,0,12.224374999999998
winter,19,7,2,8.06625
winter,19,7,4,10.886875
winter,19,6,2,8.603750000000002
winter,19,6,3,10.696874999999999
winter,19,7,0,7.588125
winter,19,9,1,7.942499999999999
winter,19,7,1,11.076874999999998
winter,20,0,2,10.240625000000001
winter,19,9,2,7.941875
winter,19,9,3,11.040624999999999
winter,20,0,0,
winter,20,1,4,10.240625000000001
winter,19,9,4,8.969375
winter,19,9,0,11.46125
winter,20,1,1,8.17125
winter,20,2,3,
winter,20,3,0,10.240625000000001
winter,20,0,1,10.911249999999999
winter,20,0,4,9.486875000000001
winter,20,0,3,7.988125
winter,20,2,1,9.020624999999999
winter,20,2,0,9.086875000000003
winter,20,1,2,10.436874999999997
winter,20,3,4,7.680624999999999
winter,20,3,3,20.852499999999996
winter,20,1,0,10.788124999999997
winter,20,2,2,6.7943750000000005
winter,20,1,3,9.238125000000004
winter,20,4,2,10.240625000000001
winter,20,4,3,6.400625
winter,20,4,4,23.040625
winter,20,3,2,10.582499999999998
winter,20,3,1,11.564374999999998
winter,20,4,1,11.600625
winter,20,2,4,10.69625
winter,20,6,2,10.240625000000001
winter,20,5,1,7.844374999999999
winter,20,4,0,8.438750000000002
winter,20,6,3,21.170624999999994
winter,20,6,1,10.305625
winter,20,5,3,7.709999999999999
winter,20,6,0,9.605625
winter,20,7,0,7.680624999999999
winter,20,7,2,10.240625000000001
winter,20,7,3,10.240625000000001
winter,20,7,1,31.285
winter,20,5,2,13.533125000000002
winter,20,6,4,7.9825
winter,20,5,4,9.02125
winter,20,8,2,
winter,20,5,0,11.6525
winter,20,8,4,10.240625000000001
winter,20,8,0,39.200625
winter,20,8,1,11.520624999999999
winter,21,0,0,8.960625
winter,20,8,3,8.04375
winter,21,0,2,10.240625000000001
winter,20,9,2,8.350625
winter,20,9,4,8.641874999999999
winter,20,7,4,9.34875
winter,20,9,1,10.89125
winter,20,9,0,10.834375000000001
winter,21,1,0,10.741874999999997
winter,21,0,3,9.215625000000003
winter,21,0,4,8.10875
winter,20,9,3,12.2475
winter,21,0,1,8.714375
winter,21,1,1,10.848125
winter,21,3,3,10.240625000000001
winter,21,1,3,9.031875
winter,21,3,0,12.800625
winter,21,1,4,8.1525
winter,21,2,1,10.516874999999999
winter,21,3,1,8.410625
winter,21,2,0,7.4975000000000005
winter,21,2,2,11.226249999999999
winter,21,1,2,9.260000000000002
winter,21,2,3,8.728750000000002
winter,21,3,2,7.813750000000001
winter,21,3,4,9.280625
winter,21,4,0,10.240625000000001
winter,21,2,4,8.764375000000001
winter,21,4,1,9.210625
winter,21,5,4,7.235624999999999
winter,21,5,3,8.974375000000002
winter,21,5,1,10.604374999999997
winter,21,7,0,8.020624999999999
winter,21,4,4,8.773125
winter,21,6,3,7.387499999999999
winter,21,4,2,10.65875
winter,21,5,2,8.25375
winter,21,4,3,9.514375000000001
winter,21,7,2,9.123125000000002
winter,21,5,0,12.2725
winter,21,6,2,8.655000000000001
winter,21,6,0,14.466874999999998
winter,21,6,1,9.318125000000002
winter,21,7,4,13.440625
winter,21,7,1,6.946250000000001
winter,21,6,4,9.231875000000002
winter,21,7,3,12.49625
winter,21,8,1,32.08687499999999
winter,21,9,1,31.371249999999996
winter,22,0,4,10.240625000000001
winter,21,9,0,6.230625
winter,22,1,3,5.440624999999999
winter,22,1,2,20.480625000000003
winter,21,8,4,9.111875000000001
winter,21,8,2,12.5625
winter,21,8,0,11.253749999999998
winter,22,0,0,7.246874999999999
winter,22,1,0,6.846875000000001
winter,22,0,3,8.334375000000001
winter,21,9,3,7.369375
winter,22,1,1,8.38625
winter,21,9,2,8.13
winter,21,9,4,8.0725
winter,22,0,2,11.33125
winter,21,8,3,9.435000000000002
winter,22,0,1,7.575
winter,22,2,2,10.240625000000001
winter,22,2,0,7.121249999999999
winter,22,1,4,7.80625
winter,22,2,3,8.460625
winter,22,3,2,
winter,22,2,1,6.01375
winter,22,4,3,10.240625000000001
winter,22,4,2,10.240625000000001
winter,22,3,1,7.0475
winter,22,5,3,10.240625000000001
winter,22,4,1,8.170625000000001
winter,22,3,3,8.525624999999998
winter,22,2,4,8.814375000000002
winter,22,5,4,7.680624999999999
winter,22,3,4,8.703125
winter,22,4,0,6.556875000000001
winter,22,3,0,9.208750000000002
winter,22,5,1,8.32375
winter,22,7,1,10.240625000000001
winter,22,5,0,7.179375
winter,22,5,2,8.149375
winter,22,4,4,10.815
winter,22,6,2,7.124999999999999
winter,22,8,0,7.725625
winter,22,7,2,5.9525
winter,22,6,0,11.31625
winter,22,6,3,9.066250000000002
winter,22,7,3,7.884375
winter,22,6,4,9.18125
winter,22,6,1,12.364999999999998
winter,22,9,3,10.240625000000001
winter,22,8,3,6.705625000000001
winter,22,7,0,9.033750000000001
winter,22,8,1,8.104375000000001
winter,22,8,4,7.056875000000001
winter,22,7,4,10.299375000000001
winter,22,8,2,11.870625
winter,22,9,2,7.686249999999999
winter,22,9,4,5.526249999999999
winter,23,0,0,7.856875
winter,23,0,1,6.483125
winter,22,9,1,8.186875
winter,22,9,0,18.730625000000003
winter,23,2,2,5.295624999999999
winter,23,0,3,9.200625000000002
winter,23,1,0,7.206249999999999
winter,23,1,2,6.270625
winter,23,1,3,6.673125000000001
winter,23,1,4,8.213124999999998
winter,23,1,1,6.787500000000001
winter,23,0,2,7.59125
winter,23,2,3,6.006875
winter,23,3,0,34.005624999999995
winter,23,3,1,4.326875
winter,23,2,1,9.071875000000002
winter,23,0,4,8.729375000000001
winter,23,4,3,5.120625
winter,23,2,4,6.854375000000001
winter,23,2,0,8.37875
winter,23,3,3,5.9475
winter,23,3,2,7.75375
winter,23,4,4,5.620624999999999
winter,23,3,4,5.42
winter,23,5,2,5.2106249999999985
winter,23,5,0,7.040625
winter,23,5,3,5.9331249999999995
winter,23,4,1,6.863750000000001
winter,23,6,2,6.421875
winter,23,4,0,7.5493749999999995
winter,23,4,2,8.39375
winter,23,5,1,8.493125
winter,23,6,3,5.9331249999999995
winter,23,6,0,7.110624999999999
winter,23,7,0,8.960625
winter,23,6,4,5.538124999999999
winter,23,7,3,10.240625000000001
winter,23,7,4,5.793125
winter,23,5,4,6.700000000000001
winter,23,7,1,6.527500000000001
winter,23,6,1,8.620000000000001
winter,23,8,4,5.77375
winter,23,8,0,7.076875
winter,23,7,2,7.4975000000000005
winter,23,9,2,6.210625
winter,23,8,2,6.98625
winter,23,8,3,8.427500000000002
winter,23,9,3,6.58
winter,23,9,0,9.31625
winter,23,9,4,7.465624999999999
winter,23,9,1,10.850625
winter,23,8,1,8.620000000000001
